{"cameraMode":{"drawMode":0,"name":"Shaded","section":"Shading Mode"},"sceneLighting":true,"audioPlay":false,"sceneViewState":{"m_AlwaysRefresh":false,"showFog":true,"showSkybox":true,"showFlares":true,"showImageEffects":true,"showParticleSystems":true,"showVisualEffectGraphs":true,"m_FxEnabled":true},"in2DMode":false,"pivot":{"x":32.47890090942383,"y":-0.5909962058067322,"z":9.021554946899414},"rotation":{"x":0.042757246643304828,"y":0.6093762516975403,"z":-0.032937560230493548,"w":0.7910409569740295},"size":33.473541259765628,"orthographic":false}