{"cameraMode":{"drawMode":0,"name":"Shaded","section":"Shading Mode"},"sceneLighting":true,"audioPlay":false,"sceneViewState":{"m_AlwaysRefresh":false,"showFog":true,"showSkybox":true,"showFlares":true,"showImageEffects":true,"showParticleSystems":true,"showVisualEffectGraphs":true,"m_FxEnabled":true},"in2DMode":false,"pivot":{"x":47.97603225708008,"y":0.3056333065032959,"z":31.372800827026368},"rotation":{"x":0.03555290400981903,"y":0.47806161642074587,"z":-0.01937144808471203,"w":0.8773893117904663},"size":33.473541259765628,"orthographic":false}