{"cameraMode":{"drawMode":0,"name":"Shaded","section":"Shading Mode"},"sceneLighting":true,"audioPlay":false,"sceneViewState":{"m_AlwaysRefresh":false,"showFog":true,"showSkybox":true,"showFlares":true,"showImageEffects":true,"showParticleSystems":true,"showVisualEffectGraphs":true,"m_FxEnabled":true},"in2DMode":false,"pivot":{"x":15.008573532104493,"y":14.158649444580079,"z":15.008647918701172},"rotation":{"x":0.29614487290382388,"y":0.6419512629508972,"z":-0.2959672808647156,"w":0.642332136631012},"size":1.8743022680282593,"orthographic":false}